TenSP,price,link,DG,SoDG,TenHienthi,comment_DG,comment
Äiá»‡n thoáº¡i Samsung Galaxy M14 4GB+64GB 5G - CHá»ˆ CÃ“ Táº I LAZADA,"â‚«2,750,000",https://www.lazada.vn/products/dien-thoai-samsung-galaxy-m14-4gb64gb-5g-chi-co-tai-lazada-i2249051805.html,5.0,1664 Ratings,"['T***.', 'Ngá»c N.', 'N***h', 'Ngá»c N.', 'Ngá»c N.']","[5, 5, 5, 5, 5]","['hÃ ng ok láº¯m mng nÃªn mua sá»­ dá»¥ng nha,  mÃ u Ä‘áº¹p láº¯m Ä‘juiebowopwvu', 'MÃ¡y Ä‘áº¹p, cáº§m cháº¯t tay, giÃ¡ cáº£ há»£p lÃ­, mÃ ng hÃ¬nh rá»™ng, sáº½ á»§ng há»™ láº§n sau', 'MÃ¡y hoÃ n thiá»‡n tá»‘t chÆ¡i liÃªn quÃ¢n Ä‘á»“ hoáº¡ trung 60 fps ngon lÃ nh,sá»­ dá»¥ng tÃ¡c vá»¥ náº·ng quÃ¡ thi thoáº£ng cx bá»‹ giáº­t sÄƒn Ä‘c cÃ²n 3tr4 ráº¥t xá»©ng Ä‘Ã¡ng nÃ³i chung lÃ  HÃšP:)', 'Mua Ä‘Ãºng giÃ¡ Æ°u Ä‘Ã£i, mua Ä‘Ãºng mÃ¡y mÃ¬nh thÃ­ch báº¥y lÃ¢u nay, giao hÃ ng nhanh', 'MÃ¡y Ä‘áº¹p, mÃ ng hÃ¬nh bá»±, Ä‘Ã³ng gÃ³i cáº©n tháº­n, giao hÃ ng nhanh, cáº£m Æ¡n']"
Äiá»‡n thoáº¡i Samsung Galaxy A05 4GB/128GB,"â‚«2,650,000",https://www.lazada.vn/products/dien-thoai-samsung-galaxy-a05-4gb128gb-i2417781047.html,5.0,580 Ratings,"['Ä***.', 'n***n', 'Tráº§n H.', 'la M.', 'N***.']","[5, 5, 5, 5, 5]","['Shop giao hÃ ng nhanh. Ship nhiá»‡t tÃ¬nh, sÄƒn sale giÃ¡ ráº», sáº½ á»§ng há»™ shop', 'Sáº£n pháº©m dÃ¹ng tá»‘t Ä‘áº¹p bá»n mÃ u ráº¥t Æ°ng Ä‘Ã¡nh giÃ¡ shop tuyá»‡t vá»i luÃ´n', 'Báº¡n cÃ³ thá»ƒ sá»­ dá»¥ng máº«u Ä‘Ã¡nh giÃ¡ cháº¥t lÆ°á»£ng sáº£n pháº©m dÆ°á»›i Ä‘Ã¢y:\n\n1. **TÃ­nh nÄƒng:**\n   - ÄÃ¡nh giÃ¡ hiá»‡u suáº¥t vÃ  tÃ­nh nÄƒng cá»§a sáº£n pháº©m.\n\n2. **Cháº¥t lÆ°á»£ng xÃ¢y dá»±ng:**\n   - ÄÃ¡nh giÃ¡ vá» váº­t liá»‡u vÃ  sá»± cháº¯c cháº¯n cá»§a sáº£n pháº©m.\n\n3. **Tráº£i nghiá»‡m ngÆ°á»i dÃ¹ng:**\n   - Cáº£m nháº­n vá» viá»‡c sá»­ dá»¥ng sáº£n pháº©m trong thá»±c táº¿.\n\n4. **Dá»‹ch vá»¥ khÃ¡ch hÃ ng:**\n   - ÄÃ¡nh giÃ¡ vá» há»— trá»£ vÃ  tÆ° váº¥n tá»« Ä‘á»™i ngÅ© chÄƒm sÃ³c khÃ¡ch hÃ ng.\n\n5. **GiÃ¡ trá»‹ Ä‘á»‘i vá»›i giÃ¡ cáº£:**\n   - Xem xÃ©t liá»‡u giÃ¡ cá»§a sáº£n pháº©m cÃ³ xá»©ng Ä‘Ã¡ng vá»›i nhá»¯ng gÃ¬ báº¡n nháº­n Ä‘Æ°á»£c hay khÃ´ng.\n\n6. **Äá» xuáº¥t cáº£i thiá»‡n:**\n   - GÃ³p Ã½ vá» cÃ¡ch sáº£n pháº©m cÃ³ thá»ƒ Ä‘Æ°á»£c cáº£i thiá»‡n.\n\nHÃ£y Ä‘iá»n chi tiáº¿t vÃ o má»—i má»¥c Ä‘á»ƒ cÃ³ má»™t Ä‘Ã¡nh giÃ¡ toÃ n diá»‡n vá» cháº¥t lÆ°á»£ng sáº£n pháº©m.', 'Ä‘Ã£ nháº­n Ä‘Æ°Æ¡c hÃ ng , shop Ä‘Ã³ng gÃ³i ká»‰ giao nhanh . sale 15/1 nÃªn khÃ¡ ráº» , nhá» shop kÃ­ch hoáº¡t báº£o hÃ nh dÃ¹ nha', 'Shop giao hÃ ng nhanh. Ship nhiá»‡t tÃ¬nh, sÄƒn sale giÃ¡ ráº», sáº½ á»§ng há»™ shop']"
"Äiá»‡n thoáº¡i thÃ´ng minh POCO C65 | 6.74"" HD+ 90Hz | Helio G85 | 5000mAh","â‚«3,332,000",https://www.lazada.vn/products/dien-thoai-thong-minh-poco-c65-674-hd-90hz-helio-g85-5000mah-i2438761122.html,5.0,625 Ratings,"['LÃª B.', 'V***.', '0***8', 'HÆ°Æ¡ng T.', '8***0']","[5, 5, 5, 5, 5]","['HÃ ng nguyÃªn size nguyÃªn há»™p chÆ°a bÃ³c tem,shop Ä‘Ã³ng gÃ³i vÃ  giao hÃ ng ráº¥t tá»‘t. CÃ²n cháº¥t lÆ°á»£ng cá»§a sáº£n pháº©m thÃ¬ tiá»n nÃ o cá»§a náº¥y thÃ´i, ráº¥t hÃ i lÃ²ng..........', 'sáº£n pháº©m uy tÃ­n cháº¥t lÆ°á»£ng, giao hÃ ng nhanh, mua cÃ³ mÃ£ giam nÃªn ráº»', 'giÃ¡o hÃ ng nhanh.Ä‘Ã³ng gÃ³i cáº©n tháº­n. giÃ¡o Ä‘á»§ hÃ ng. phá»¥ kiá»‡n. á»§ng há»™ shop. hÃ¬nh áº£nh mang tÃ­nh cháº¥t minh hoáº¡ nháº­n xá»­.', 'TÃ­nh nÄƒng: vÆ°á»£t trá»™i \n Cháº¥t lÆ°á»£ng: tá»‘t\n Cháº¥t liá»‡u: Ä‘áº¹p\nChá»‰ biáº¿t ráº±ng nÃªn mua giÃ¡ tá»‘t vÃ  Ä‘iá»‡n thoáº¡i Ä‘áº¹p', 'TÃ­nh nÄƒng:  dá»… sá»­ dá»¥ng, sáº£n pháº©m cháº¥t lÆ°á»£ng. NÃªn mua nha má»i ngÆ°á»i kha sthich']"
"Äiá»‡n thoáº¡i Xiaomi Redmi Note 12 (4GB/128GB) - HÃ ng ChÃ­nh HÃ£ng, Má»›i 100% | Báº£o hÃ nh 18 thÃ¡ng","â‚«3,890,000",https://www.lazada.vn/products/dien-thoai-xiaomi-redmi-note-12-4gb128gb-hang-chinh-hang-moi-100-bao-hanh-18-thang-i2251407824.html,5.0,1243 Ratings,"['q***u', 'V***.', 'T***.', 'T***.', 'L***.']","[5, 5, 5, 5, 5]","['Shop Ä‘Ã³ng gÃ³i kÄ©\nGiao hÃ ng nhanh\nShipper thÃ¢n thiá»‡n vÃ  nhiá»‡t tÃ¬nh', 'mÃ¡y nguyÃªn seal, giao nhanh, shop táº·ng mÃ£ giáº£m giÃ¡ 10%.Tráº£i nghiá»‡m tá»‘t ğŸ‘', 'tá»‘t thiáº¿t káº¿ má»ng nháº¹ vÃ  sang trá»ng vÃ  Dung lÆ°á»£ng lÆ°u trá»¯ caooo', 'Thiáº¿t káº¿ má»ng nháº¹ vÃ  sang trá»ng, MÃ n hÃ¬nh sáº¯c nÃ©t vá»›i mÃ u sáº¯c sá»‘ng Ä‘á»™ng,', 'Cháº¥t liá»‡u:\n[TB] Bá»™ TTTT khuyáº¿n cÃ¡o ngÆ°á»i dÃ¢n nÃ¢ng cao cáº£nh giÃ¡c, khÃ´ng chuyá»ƒn tiá»n hoáº·c cung cáº¥p thÃ´ng tin cÃ¡ nhÃ¢n cho ngÆ°á»i láº¡ qua Ä‘iá»‡n thoáº¡i. Náº¿u cÃ³ hiá»‡n tÆ°á»£ng trÃªn, Ä‘á» nghá»‹ trÃ¬nh bÃ¡o ngay cho cÆ¡ quan CÃ´ng an Ä‘á»ƒ xá»­ lÃ½ hoáº·c thÃ´ng bÃ¡o Ä‘áº¿n sá»‘ Ä‘iá»‡n thoáº¡i trá»±c ban hÃ¬nh sá»± 0692348560 cá»§a Cá»¥c Cáº£nh sÃ¡t hÃ¬nh sá»± Ä‘á»ƒ Ä‘Æ°á»£c hÆ°á»›ng dáº«n ká»‹p thá»i.']"
"V25, Android giÃ¡ ráº» 2023, Khuyáº¿n mÃ£i má»›i nháº¥t HP giÃ¡ ráº», Äiá»‡n thoáº¡i thÃ´ng minh 16GB + 512GB 5G má»›i PhiÃªn báº£n toÃ n cáº§u Äiá»‡n thoáº¡i hai SIM Bluetooth 7,5 inch Äiá»‡n thoáº¡i thÃ´ng minh Android Camera HD6800mah","â‚«1,171,194",https://www.lazada.vn/products/v25-android-gia-re-2023-khuyen-mai-moi-nhat-hp-gia-re-dien-thoai-thong-minh-16gb-512gb-5g-moi-phien-ban-toan-cau-dien-thoai-hai-sim-bluetooth-75-inch-dien-thoai-thong-minh-android-camera-hd6800mah-i2405034562.html,4.3,12 Ratings,"['C***.', 'A***.', 'T***.', 'HÃ´ng B.', '*******063']","[5, 5, 5, 5, 5]","['Very good , â˜â˜mÃ¡y shop bÃ¡n ok xÃ i tá»‘t vÃ  mÆ°á»£t mÃ , pin xÃ i cÃ²n chuáº©n, chá»¥p hÃ¬nh Ä‘áº¹p, á»©ng dá»¥ng dá»… xÃ i, xÃ i bá»n sáº½ á»§ng há»™ thÃªm cÃ¡i ná»¯a, cho shop 5 sao', 'Nháº­n hÃ ng ráº¥t xuáº¥t sáº¯c luÃ´n, mÃ¡y Ä‘áº¹p láº¯m ,xÃ i mÆ°á»£t ná»¯a.shop nÃ y Ä‘Ã¡ng tin cáº­y nek.thank shop áº¡', 'Ä‘Ã¢y, nÃ³ Ä‘Ã¢y áº¡,giao tá»›i nhÃ  lÃ  108k, Ä‘Ã³ lÃ  free ship nha, khÃ´ng biáº¿t xÃ i cÃ³ bá»n khÃ´ng ná»¯a?????', 'khÃ´ng Ä‘Ãºng hÃ ng', 'Ä‘t hok Ä‘c muon mÃ n hinh cháº¡y ráº¥t cháº­m cÃ²n láº¡i ráº¥t ok']"
Äiá»‡n thoáº¡i sam sung galaxy A9 tÃ u,"â‚«270,000",https://www.lazada.vn/products/dien-thoai-sam-sung-galaxy-a9-tau-i2506919838.html,0,0 Ratings,[],[],[]
"Ä‘iá»‡n thoáº¡i Oppo F11 2sim ram 8G/512G mÃ¡y ChÃ­nh HÃ£ng, lÆ°á»›t Wed Tiktok Facebook Youtube cháº¥t, Báº£o hÃ nh 12 thÃ¡ng - TTN 01","â‚«1,013,497",https://www.lazada.vn/products/dien-thoai-oppo-f11-2sim-ram-8g512g-may-chinh-hang-luot-wed-tiktok-facebook-youtube-chat-bao-hanh-12-thang-ttn-01-i2322044360.html,4.9,123 Ratings,"['0***0', 'DiÃªn N.', 'ThÃ nh N.', 'VÃµ D.', 'Done R.']","[5, 5, 5, 5, 5]","['Äiá»‡n thoáº¡i nhÃ¬n ráº¥t Ä‘áº¹p lÆ°á»›t máº¡ng thÃ¬ OK giao hÃ ng nhanh gÃ³i hÃ ng cáº©n tháº­n cÃ²n Ä‘á»™ bá»n chÆ°a thá»ƒ Ä‘Ã¡nh Ä‘Æ°á»£c', 'NhÃ¬n chung thÃ¬ mÃ¡y Ä‘Ãºng nhÆ° mÃ´ táº£, Ä‘Ã¡p á»©ng má»i nhu cáº§u cÆ¡ báº£n. MÃ¡y chá»¥p hÃ¬nh quay phim hÆ¡i bá»‹ xuáº¥t sáº¯c â˜ºï¸\nmÃ¡y cháº¡y mÆ°á»£t mÃ  Ãªm ru, xem phim chÆ¡i game k bá»‹ nÃ³ng mÃ¡y, pin xÃ i cáº£ ngÃ y má»›i háº¿t\nMÃ¬nh ráº¥t hÃ i lÃ²ng nÃªn Ä‘Ã¡nh giÃ¡ cho shop 5 sao áº¡!', 'MÃ¡y chÃ­nh hÃ£ng, zin Ä‘áº¹p, tÃ¬m khÃ´ng tháº¥y 1 cÃ¡i lá»—i gÃ¬\nMÃ¡y báº¯t wifi cá»±c xa, cá»±c máº¡nh\nLÆ°á»›t web, Ä‘á»c bÃ¡o, fb, zalo, tiktok mÃ¡y cháº¡y áº§m áº§m, lÆ°á»›t mÆ°á»£t k giáº­t lag, chÆ¡i game thÃ¬ quÃ¡ ngon luÃ´n..\nRáº¥t hÃ i lÃ²ng!', 'Nháº­n hÃ ng xong lÃ  Ä‘em ra test thá»­ cho nÃ³ng liá»n ğŸ˜‚\nMÃ¡y mÃ³c nguyÃªn zin, tá»‘t má»i chá»©c nÄƒng, k lá»—i láº§m gÃ¬\nMÃ¡y dÃ¹ng mÆ°á»£t, thiáº¿t káº¿ Ä‘áº¹p, phÃ¹ há»£p vá»›i má»i lá»©a tuá»•i luÃ´n, pin trÃ¢u bÃ² chÆ¡i game xem phim liÃªn tá»¥c Ä‘Æ°á»£c táº§m 7 - 8 tiáº¿ng, cÃ²n Ä‘á»ƒ k nghe gá»i cháº¯c cáº£ thÃ¡ng ğŸ˜‚\nTÃºm láº¡i lÃ  shop bÃ¡n mÃ¡y ngon nha má»i ngÆ°á»i ğŸ˜„', 'Cháº¥t liá»‡u:\n1 --- shop giao hÃ ng nhanh ,gÃ³i hÃ ng sáº¡ch Ä‘áº¹p \n2 --- Ngoáº¡i hÃ¬nh mÃ¡y Ä‘áº¹p, mÃ u mÃ¡y cÅ©ng dá»… nhÃ¬n \n3 --- Cháº¥t lÆ°á»£ng thÃ¬ mÃ n hÃ¬nh sÃ¡ng xem youtube dá»… nhÃ¬n, loa trong loa ngoÃ i to rÃµ, cáº£m á»©ng mÆ°á»£t ko bá»‹ giá»±t, sáº¡c cÅ©ng nhanh Ä‘áº§y, sÃ³ng sÃ¡nh á»•n Ä‘á»‹nh...\n4 --- tÃ³m láº¡i giÃ¡ cÃ³ ráº», mÃ¡y cÅ©ng Ä‘áº¹p, cháº¥t lÆ°á»£ng mÃ¡y cÅ©ng ok vÃ  á»•n Ä‘á»‹nh thÃ¬ mÃ¬nh cho 5 sao  .']"
"Ä‘iá»‡n thoáº¡i Oppo A77 báº£n 5G 2sim ram 8+3G rom 256G mÃ¡y ChÃ­nh HÃ£ng, lÆ°á»›t Wed Tiktok Facebook Youtube cháº¥t, Báº£o hÃ nh 12 thÃ¡ng - TTN 01","â‚«2,027,917",https://www.lazada.vn/products/dien-thoai-oppo-a77-ban-5g-2sim-ram-83g-rom-256g-may-chinh-hang-luot-wed-tiktok-facebook-youtube-chat-bao-hanh-12-thang-ttn-01-i2320133625.html,5.0,120 Ratings,"['Done R.', 'Tinh L.', 'DiÃªn N.', 'Sau L.', 'Chuit B.']","[5, 5, 5, 5, 5]","['Cháº¥t liá»‡u:\n1 --- shop giao hÃ ng nhanh ,gÃ³i hÃ ng sáº¡ch Ä‘áº¹p \n2 --- Ngoáº¡i hÃ¬nh mÃ¡y Ä‘áº¹p, mÃ u mÃ¡y cÅ©ng dá»… nhÃ¬n \n3 --- Cháº¥t lÆ°á»£ng thÃ¬ mÃ n hÃ¬nh sÃ¡ng xem youtube dá»… nhÃ¬n, loa trong loa ngoÃ i to rÃµ, cáº£m á»©ng mÆ°á»£t ko bá»‹ giá»±t, sáº¡c cÅ©ng nhanh Ä‘áº§y, sÃ³ng sÃ¡nh á»•n Ä‘á»‹nh...\n4 --- tÃ³m láº¡i giÃ¡ cÃ³ ráº», mÃ¡y cÅ©ng Ä‘áº¹p, cháº¥t lÆ°á»£ng mÃ¡y cÅ©ng ok vÃ  á»•n Ä‘á»‹nh thÃ¬ mÃ¬nh cho 5 sao  .', 'Thiáº¿t káº¿ Ä‘áº¹p cháº¯c cháº¯n ğŸ˜ğŸ˜ğŸ˜\n Pin khÃ¡ trÃ¢u mÃ  sáº¡c cÅ©ng nhanh \nCamera sau chá»¥p Ä‘áº¹p, hÃ¬nh áº£nh tá»‘t ğŸ‘ğŸ‘ğŸ‘\nLoa  nghe nháº¡c rÃµ vÃ   lá»›n.\nMÃ¡y cÅ©ng khÃ¡ mÆ°á»£t dÃ¹ng lÃ¢u khÃ´ng nÃ³ng nhÆ° cÃ¡c dÃ²ng khÃ¡c .\n===> NGON Bá»” Ráºº lÃ  cÃ³ tháº­t áº¡.', 'NhÃ¬n chung thÃ¬ mÃ¡y Ä‘Ãºng nhÆ° mÃ´ táº£, Ä‘Ã¡p á»©ng má»i nhu cáº§u cÆ¡ báº£n. MÃ¡y chá»¥p hÃ¬nh quay phim hÆ¡i bá»‹ xuáº¥t sáº¯c â˜ºï¸\nmÃ¡y cháº¡y mÆ°á»£t mÃ  Ãªm ru, xem phim chÆ¡i game k bá»‹ nÃ³ng mÃ¡y, pin xÃ i cáº£ ngÃ y má»›i háº¿t\nMÃ¬nh ráº¥t hÃ i lÃ²ng nÃªn Ä‘Ã¡nh giÃ¡ cho shop 5 sao áº¡!', 'ÄÃ£ nháº­n Ä‘Æ°á»£c hÃ ng\nÄÃ³ng hÃ ng cáº©n tháº­n \nKhui ra mÃ¡y má»›i Ä‘áº¹p\nTest má»™t tuáº§n rá»“i\nCáº£m á»©ng mÆ°á»£t mÃ  \nNghe gá»i to rÃµ\nQuay phim, chá»¥p áº£nh nÃ©t\nLÆ°á»›t tiktok, wed nhanh\nPin trÃ¢u chÆ¡i game tá»‘t\nBáº£o hÃ nh Ä‘áº§y Ä‘á»§\nShop nhiá»‡t tÃ¬nh láº¯m\nGiÃ¡ cáº£ há»£p lÃ½\nÄiá»‡n thoáº¡i xinh xá»‹n\nMá»i ngÆ°á»i nÃªn mua\nMÃ¬nh sáº½ mua tiáº¿p\nCho shop 5 sao', 'Cháº¥t liá»‡u:\nCháº¥t lÆ°á»£ng mÃ¡y vá» lÃ¢u vá» dÃ i chÆ°a biáº¿t tháº¿ nÃ o\n\n Chá»© hiá»‡n táº¡i mÃ¬nh Ä‘ang dÃ¹ng thÃ¬ tháº¥y bÃ¬nh thÆ°á»ng, dÃ¹ng mÆ°á»£t.\n\n MÃ  khÃ´ng cÃ³ hiá»‡n tÆ°á»£ng giáº­t hay Ä‘Æ¡ gÃ¬, \n\nCam chá»¥p chÃ¢n dung tháº­t khÃ´ng quÃ¡ áº£o, pin em nÃ y dÃ¹ng cÅ©ng ok luÃ´n .']"
14 Pro Max 1K 7.3inch large memory 8 + 256GB dual SIM card 50 + 108MP camera 6000mAh phone,"â‚«1,111,158",https://www.lazada.vn/products/dt-14-pro-max-1k-73inch-dien-thoai-di-dong-bo-nho-lon-8256gb-hai-the-sim-camera-50108mp-pin-6000mah-dien-thoai-i2256809101.html,4.4,411 Ratings,"['HoÃ ng T.', 'Phi Y.', 'Nhi K.', 'Tháº£o C.', 'Tháº£o M.']","[5, 5, 5, 5, 5]","['Chá»‰ máº¥t má»™t lÃºc Ä‘á»ƒ váº­n chuyá»ƒn vÃ  tÃ´i Ä‘Ã£ lo láº¯ng vÃ¬ ngÆ°á»i bÃ¡n Ä‘Ã£ khÃ´ng tráº£ lá»i ngay láº­p tá»©c. NhÆ°ng Ä‘iá»‡n thoáº¡i tÃ´i nháº­n Ä‘Æ°á»£c á»Ÿ trong tÃ¬nh tráº¡ng tá»‘t.', 'NgÆ°á»i bÃ¡n dá»… liÃªn há»‡ vÃ  Ä‘Ã³ng gÃ³i an toÃ n. Äiá»‡n thoáº¡i cá»§a tÃ´i cÃ²n nguyÃªn váº¹n. Cáº£m Æ¡n báº¡n ráº¥t nhiá»u! TÃ¡i bÃºt: Hiá»ƒu rá»“i', 'giao hÃ ng trong 1 ngÃ y\nngÆ°á»i bÃ¡n há»£p phÃ¡p\nÄÃ³ng gÃ³i tá»‘t\nMá»¥c trong tÃ¬nh tráº¡ng tuyá»‡t vá»i', 'Váº­n chuyá»ƒn siÃªu tá»‘c Ä‘Æ°á»£c hoÃ n thÃ nh vá»›i má»™t gÃ³i Ä‘áº¹p vÃ  Ä‘iá»‡n thoáº¡i di Ä‘á»™ng siÃªu an toÃ n. Báº¡n gÃ¡i tÃ´i ráº¥t hÃ o há»©ng vá»›i mÃ³n quÃ  nÃ y vÃ  Ä‘Ã£ chá»¥p má»™t bá»©c áº£nh cho tÃ´i. NÃ³ ráº¥t Ä‘áº¹p. Cáº£m Æ¡n!', 'Tá»‘c Ä‘á»™ giao hÃ ng ráº¥t nhanh, náº¿u báº¡n quan tÃ¢m Ä‘áº¿n Ä‘iá»‡n thoáº¡i di Ä‘á»™ng thÃ¬ cÃ³ thá»ƒ tÃ¬m Ä‘áº¿n anh áº¥y, Ä‘iá»‡n thoáº¡i di Ä‘á»™ng thÃ¬ tá»‘t, tÃ´i Ä‘Ã£ Ä‘á»•i mÃ u vÃ  sáºµn sÃ ng há»— trá»£ ngÆ°á»i mua']"
Äiá»‡n thoáº¡i sam sung galaxy A71 tÃ u,"â‚«280,000",https://www.lazada.vn/products/dien-thoai-sam-sung-galaxy-a71-tau-i2506986445.html,0,0 Ratings,[],[],[]
Äiá»‡n thoáº¡i Samsung Galaxy Z Flip5,"â‚«16,490,000",https://www.lazada.vn/products/dien-thoai-samsung-galaxy-z-flip5-i2351112090.html,4.6,242 Ratings,"['Tráº§n T.', 'Linh', 'Hoang K.', 'C***.', 'Bang C.']","[5, 5, 5, 5, 5]","['SÄƒn sale zÃ¡ há»i 15.2 cá»¥. HÃ£ng tá»± kÃ­ch hoáº¡t báº£o hÃ nh Ä‘iá»‡n tá»­. DÃ¹ng tháº¥y á»•n Ã¡p. ÄÆ°á»£c táº·ng á»‘p vÃ  sáº¡c xá»‹n xÃ² láº¯m. Ship siÃªu nhanh', 'Cáº£m Æ¡n mÃ³n quÃ  ráº¥t giÃ¡ trá»‹ tá»« Lazada vÃ  Samsung, khÃ´ng tin lÃ  mÃ¬nh cÃ³ thá»ƒ trÃºng Ä‘Æ°á»£c giáº£i thÆ°á»Ÿng lá»›n nÃ y..\nSáº£n pháº©m lÃ  quÃ  táº·ng nhÆ°ng Ä‘Æ°á»£c Ä‘Ã³ng gÃ³i ráº¥t chá»‰n chu vÃ  ká»¹ lÆ°á»¡ng, cÃ²n Ä‘Æ°á»£c táº·ng thÃªm á»‘p lÆ°ng xá»‹n, báº¡n giao hÃ ng cÅ©ng khÃ¡ dá»… thÆ°Æ¡ng.\nCáº£m Æ¡n mÃ³n quÃ  cÃ¹ng nhá»¯ng tráº£i nghiá»‡m mua sáº¯m vÃ  chÄƒm sÃ³c khÃ¡ch hÃ ng ráº¥t tá»‘t tá»« Lazada vÃ  Samsung.', 'TrÃªn cáº£ mong Ä‘á»£i. SÃ¡ng lÃªn Ä‘Æ¡n vá»›i voucher nháº­n Ä‘c, chiá»u Ä‘Ã£ cÃ³ quÃ  . Cáº£m Æ¡n Lazada. Cáº£m Æ¡n Samsung. MÃ¡y Ä‘áº¹p quÃ¡ má»©c luÃ´n. Giao hÃ ng láº¡i nhanh', 'Dung lÆ°á»£ng lÆ°u trá»¯ áº¥n tÆ°á»£ng., TÃ´i thÃ­ch thiáº¿t káº¿ gáº­p láº¡i!, MÃ¡y nguyÃªn seal . Giao hÃ ng nhanh\nKhÃ´ng cÃ³ á»‘p lÆ°ng táº·ng kÃ¨m', 'sÄƒn sale 12.12 Ä‘Ã£ ghÃª, Ä‘Ã£ mua giÃ¡ há»i r cÃ²n Ä‘c táº·ng quÃ¡ trá»i quÃ  \U0001faf6 512gb mÃ  chá»‰ cÃ³ 15tr2 =)))))))']"
Äiá»‡n Thoáº¡i Xiaomi Redmi Note 13 (6+128GB),"â‚«4,390,000",https://www.lazada.vn/products/dien-thoai-xiaomi-redmi-note-13-6128gb-i2547853181.html,5.0,10 Ratings,"['Nguyá»…n H.', '0***6', 'Libra T.', 'L***.', 'B***.']","[5, 5, 5, 5, 5]","['hÃ ng nguyÃªn báº£n newseal chÃ­nh hÃ£ng shop uy tÃ­n giao hÃ ng nhanh Ä‘Ã³ng gÃ³i á»•n Ã¡p giÃ¡ láº¡i quÃ¡ Æ° lÃ  há»£p lÃ½ ğŸ‘ğŸ‘ğŸ‘ğŸ¤©ğŸ˜ğŸ˜˜ğŸ¥°ğŸ¤£ğŸ˜‚ğŸ‘ğŸ‘Œ 10 Ä‘iá»ƒm ko cÃ³ nhÆ°ng ğŸ¤©ğŸ¤©ğŸ¤©', 'giÃ¡ siÃªu Ãªm trong phÃ¢n khÃºc \ncÃ³ loa kÃ©p, vÃ¢n tay mÃ n, camera ko bá»‹ cáº¯t giáº£m, mÃ n amoled cho tráº£i nghiá»‡m hÃ¬nh áº£nh siÃªu phÃª, phiÃªn báº£n mÃ u vÃ ng siÃªu Ä‘áº¹p tuyá»‡t vá»i láº¡i cÃ²n chÃ­nh hÃ£ng sáºµn tiáº¿ng viá»‡t bh dÃ i miÃªn man 18th thÃ¬ tháº­t sá»± bÃ¡ chá»§ luÃ´n kakağŸ¥°ğŸ¥°ğŸ¥°\nchá»‰ cáº§n con chip máº¡nh mÃ©m thÃªm 1 xÃ­u ná»¯a thÃ´i thÃ¬ Ä‘áº£m báº£o e nÃ y phÃ¡ Ä‘áº£o phÃ¢n khÃºc giÃ¡ luÃ´nğŸ¥°ğŸ˜˜ğŸ˜ğŸ¤© mÃ¡y xÃ i tÃ¡c vá»¥ thÃ´ng thÆ°á»ng cáº§n pin trÃ¢u nÃªn chip yÃªu chÃºt cÅ©ng ko sao chá»§ yáº¿u táº§m giÃ¡ quÃ¡ ngon cho phÃ¢n khÃºc hÃ ng 9 hÃ£ng ğŸ¤¤ğŸ¤¤ğŸ¤¤ğŸ¤¤ shop uy tÃ­n Ä‘áº·t giao há»a tá»‘c mÃ  Ä‘á»i chá» mÃ²n má»i cáº£ ngÃ y cáº§n tÄƒng tg xá»­ lÃ½ Ä‘Æ¡n há»a tá»‘c cho kh máº·c dÃ¹ Ä‘Ã£ mua nhÃ¬u cá»§a shop nhÆ°ng váº«n Ä‘Ã¡nh giÃ¡ cao cháº¥t lÆ°á»£ng sp ğŸ‘Œ', 'sp newbox nguyÃªn seal chÃ­nh hÃ£ng full tiáº¿ng viá»‡t giÃ¡ sales láº¡i vÃ´ cÃ¹ng há»£p lÃ½ phÃ¹ há»£p Ä‘áº¿n tay ngÆ°á»i dÃ¹ng ğŸ˜ŠğŸ˜ŠğŸ˜Š tuyá»‡t vá»i shop uy tÃ­n giao hÃ ng nhanh ngay khi cÃ³ hÃ ng â˜ºï¸ğŸ¥°ğŸ¤©ğŸ˜˜ğŸ˜ğŸ¤£ğŸ˜‚â¥â¥â¥', 'TÃ­nh nÄƒng:tá»‘t\n Cháº¥t lÆ°á»£ng:tá»‘t\n Cháº¥t liá»‡u:tá»‘t\nMÃ¡y má»›i full box nguyÃªn seal, giÃ¡ tá»‘t (gáº§n ngang giÃ¡ Ä‘á»i trÆ°á»›c báº£n 4/128). KÃ­ch hoáº¡t báº£o hÃ nh trÃ¹ng ngÃ y mua mÃ¡y. Tráº£i nghiá»‡m ban Ä‘áº§u hÃ i lÃ²ng, thiáº¿t káº¿ Ä‘áº¹p, cháº¯c cháº¯n, viá»n má»ng, mÃ n hÃ¬nh Ä‘áº¹p, vuá»‘t cháº¡m khÃ¡ mÆ°á»£t vá»›i tÃ¡c vá»¥ cÆ¡ báº£n (ko cÃ³ nhu cáº§u chÆ¡i game), chÆ°a phÃ¡t hiá»‡n lá»—i gÃ¬.', 'TÃ­nh nÄƒng á»•n (mÃ¬nh khÃ´ng chÆ¡i game), mÃ u Ä‘áº¹p. Sáº½ dÃ¹ng thÃªm thá»i gian rá»“i Ä‘Ã¡nh giÃ¡ tiáº¿p']"
"Äiá»‡n thoáº¡i Samsung Galaxy A34 5G ( 8GB - 128GB ) - HÃ ng chÃ­nh hÃ£ng, Má»›i 100%, Báº£o hÃ nh 12 thÃ¡ng","â‚«6,199,000",https://www.lazada.vn/products/dien-thoai-samsung-galaxy-a34-5g-8gb-128gb-hang-chinh-hang-moi-100-bao-hanh-12-thang-i2232879162.html,5.0,780 Ratings,"['7***2', 'thuy L.', 'thuy L.', '3***0', 'Nguyá»…n Ä.']","[5, 5, 5, 5, 5]","['Sá»¯a táº¯m thÆ¡m láº¯m lun Ã¡ , dÃ¹m ráº¥t dá»‹u nháº¹ cho bÃ© , cáº£m Æ¡n shop nhÃ¬u nha', 'tÃ­nh nÄƒng sáº£n pháº©m Æ°u viá»‡t. Chá»±c tháº¥y háº¡n kÃ­ch mÃ¡y má»›i nÃªn báº£o hÃ nh dÃ i', 'tÃ­nh nÄƒng sáº£n pháº©m Æ°u viá»‡t. Chá»±c tháº¥y háº¡n kÃ­ch mÃ¡y má»›i nÃªn báº£o hÃ nh dÃ i', 'mÃ¡y má»›i ngon mÆ°á»£t, Ä‘á»ƒ dÃ¹ng thÃªm xem cÃ³ lá»—i khÃ´ng', 'SÄƒn sale Ä‘c giÃ¡ tá»‘t 6190k, sap Ä‘áº¹p tá»‘t!']"
[Sale Táº¿t] iPhone 15 Pro Max - HÃ ng ChÃ­nh HÃ£ng VN/A,"â‚«32,989,000",https://www.lazada.vn/products/sale-tet-iphone-15-pro-max-hang-chinh-hang-vna-i2417233670.html,4.9,1389 Ratings,"['HÆ°ng L.', 'DÆ° T.', 'Nguyen H.', 'T***a', 'V***.']","[5, 5, 5, 5, 5]","['MÃ¬nh Ä‘áº·t hÃ´m sÃ¡ng 11/11 lÃ  tá»‘i nháº­n rá»“i, ráº¥t nhanh luÃ´n Ã¡! Láº§n Ä‘áº§u mua Ä‘iá»‡n thoáº¡i online trÃªn nÃ y hÆ¡i rÃ©n nhÆ°ng mÃ  cskh vÃ  dá»‹ch vá»¥ á»•n nÃªn ráº¥t hÃ i lÃ²ng.\nMÃ¬nh xÃ i sau 2 tuáº§n tháº¥y á»•n, khÃ´ng cÃ³ váº¥n Ä‘á» gÃ¬! LiÃªn há»‡ vá»›i lzd láº¥y hoÃ¡ Ä‘Æ¡n mua hÃ ng cÅ©ng ráº¥t nhanh.\n Cháº¥t lÆ°á»£ng: Tá»‘t, khÃ´ng bá»‹ tráº§y xÆ°á»›c. HÃ ng má»›i nguyÃªn seal 100%', 'ÄÃ£ nháº­n Ä‘Æ°á»£c sáº£n pháº©m Ä‘Ãºng háº¹n. ÄÃ³ng gÃ³i cáº©n tháº­n, sáº£n pháº©m cÃ²n nguyÃªn tem chÃ­nh hÃ£ng kÃ¨m tem cá»§a Lazada. Ráº¥t Æ°ng Ã½ vs sáº£n pháº©m', 'ÄÃ£ nháº­n hÃ ng 10h sÃ¡ng, mÃ¬nh lÃ  ngÆ°á»i Ä‘Ã¡nh giÃ¡ Ä‘áº§u tiÃªn thÃ¬ cÃ³ Ä‘Æ°á»£c quÃ  khÃ´ng shop ğŸ˜† Láº§n Ä‘áº§u tiÃªn mua Ä‘iá»‡n thoáº¡i qua Lazada, ban Ä‘áº§u khÃ¡ lo láº¯ng nhÆ°ng nháº­n rá»“i thÃ¬ yÃªn tÃ¢m háº³n, máº¥y lá»›p niÃªm phong, mua Ä‘i cÃ¡c báº¡n Æ¡i, mua trÃªn Ä‘Ã¢y giÃ¡ tá»‘t ná»¯a. ThÃ­ch mÃª ğŸ¥°ğŸ¥°ğŸ¥°', 'sÄƒn sale Ä‘c giáº£m thÃªm 2tr, ráº¥t xá»©ng Ä‘Ã¡ngg', 'Cháº¥t lÆ°á»£ng:  ğŸ†— \nBÃ³c ra tháº¥y vá» há»™p báº©n nÃªn hÆ¡i chá»™t dáº¡ dÃ¹ váº«n cÃ²n nguyÃªn seal. Äáº·t 7h tá»‘i hÃ´m trÆ°á»›c thÃ¬ 9h sÃ¡ng hÃ´m sau tháº¥y giao hÃ ng. ğŸšš \nMua hÃ ng giÃ¡ trá»‹ cao trÃªn mall LAZADA thÃ¬ cÅ©ng yÃªn tÃ¢m. Hy vá»ng mÃ¡y mÃ³c cháº¡y á»•n Ä‘á»‹nh â£ï¸']"
Äiá»‡n Thoáº¡i IP6 Plus báº£n Quá»‘c táº¿.Láº¯p sim nghe gá»i vÃ o máº¡ng.CÃ i game vÃ  cÃ¡c á»©ng dá»¥ng.Báº£o hÃ nh 12 ThÃ¡ng lá»—i 1 Ä‘á»•i 1,"â‚«900,000",https://www.lazada.vn/products/dien-thoai-ip6-plus-ban-quoc-telap-sim-nghe-goi-vao-mangcai-game-va-cac-ung-dungbao-hanh-12-thang-loi-1-doi-1-i2297539380.html,4.7,13 Ratings,"['h***g', 'thuÃ½ T.', 'Dan T.', 'Phat T.', 'nguyenminhduc']","[5, 5, 5, 5, 5]","['CÅ©ng Ä‘Æ°á»£c nha ae \nCÅ©ng nÃªn tham kháº£o \nGiao hÃ ng nhanh \nCÃ³ Ä‘i theo sáº¡c áº¡', 'sop má»›i nháº­n cÃ³ quÃ¡ nay mÃ  mÃ n hÃ¬nh cháº¡y rá»c rá»“i giá» sao sop', 'dien thoai be ngoai cung duoc ma bi liet chu g het ham', 'OK cÅ©ng Ä‘Æ°á»£c theo táº§m giÃ¡ nhÆ°ng bá»‹ máº¥t VÃ¢n tay hÆ¡i bá»‹ tiáº¿c váº«n cho 5 sao', 'Cháº¥t lÆ°á»£ng:   KÃ©m quÃ¡ nha sop . Bá»‹ lá»—i nhiá»u quÃ¡']"
"Samsung Galaxy M14 5G, 100% brand new and authentic","â‚«3,490,000",https://www.lazada.vn/products/dien-thoai-samsung-galaxy-m14-5g-moi-100-bao-hanh-chinh-hang-i2425167820.html,5.0,16 Ratings,"['Truclam R.', 'T***.', 'VÃµ T.', 'Pháº¡m T.', 'Nguyenasach']","[5, 5, 5, 5, 5]","['This is great. M 14 5g 6+128 , I love it.', 'Sáº£n pháº©m Ä‘áº¹p cháº¥t lÆ°á»£ng cao\nGiao hÃ ng nhanh chÃ³ng', 'TÃ­nh nÄƒng:Ä‘a dáº¡ng\n Cháº¥t lÆ°á»£ng:mÆ°á»£t, nháº¡y, tá»‘t\n Cháº¥t liá»‡u:bá»n', 'Äáº¹p, giÃ¡ pháº£i chÄƒng, giao hÃ ng nhanh, hÃ ng chuáº©n nÃªn mua, tá»‘t láº¯m', 'tá»‘t trong tÃ¢m giÃ¡']"
Äiá»‡n thoáº¡i Tecno POVA 5 (8+8)/128GB - MediaTek G99 - Sáº¡c nhanh 45W - 6.8'' FHD+ Táº§n sá»‘ quÃ©t 120HHZ - HÃ ng ChÃ­nh HÃ£ng - Báº£o hÃ nh 13 ThÃ¡ng,"â‚«4,084,000",https://www.lazada.vn/products/dien-thoai-tecno-pova-5-88128gb-mediatek-g99-sac-nhanh-45w-68-fhd-tan-so-quet-120hhz-hang-chinh-hang-bao-hanh-13-thang-i2348140185.html,5.0,463 Ratings,"['K***.', 'Tráº§n T.', 'Nguyá»…n Ä.', '0***6', 'X***n']","[5, 5, 5, 5, 5]","['MÃ n hÃ¬nh mÆ°á»£t mÃ  vÃ  nháº¡y, Hiá»‡u suáº¥t nhanh chÃ³ng vÃ  hiá»‡u quáº£, Báº£o hÃ nh Ä‘Ã¡ng tin cáº­y,', 'sáº£n pháº©m má»›i nguyÃªn seal phiÃªn báº£n 128 nhiá»u dung lÆ°á»£ng, tha há»“ cÃ i app Chip G99 xá»­ lÃ½ nhanh, mÃ n hÃ¬nh 120Hz Ä‘á»ƒ 90Hz Ä‘Ã£ mÆ°á»£t láº¯m rá»“i. \ntá»‘t trong táº§m giÃ¡ nhÆ°ng dÃ¹ng táº§m trung h dÃ¹ng mÃ¡y nÃ y tháº¥y chip chÆ°a tá»‘i Æ°u pin láº¯m, thao tÃ¡c cháº­m, k báº¯t ká»‹p tá»‘c Ä‘á»™ tay, tuy mÃ¡y gaming nhÆ°ng chÆ¡i game hÆ¡i Ä‘uá»‘i.', 'Sáº¡c nhanh tá»‘c Ä‘á»™ cao, Dung lÆ°á»£ng lÆ°u trá»¯ lá»›n, Tráº£i nghiá»‡m Ä‘a nhiá»‡m mÆ°á»£t mÃ , Thá»i lÆ°á»£ng pin áº¥n tÆ°á»£ng, xÃ i mÆ°á»£t nha ae mÃ¬nh dÃ¹ng tháº¥y sÃ³ng k yáº¿u Ä‘Ã¢u cháº¯c do cáº­p nháº­t pháº§n má»m khi vá»«a vá» r', 'GiÃ¡o hÃ ng nhanh, Ä‘Ã³ng gÃ³i cáº©n tháº­n. HÃ ng chÃ­nh hÃ£ng ............', 'Cháº¥t liá»‡u: \nThá»i gian giao hÃ ng nhanh. Sáº£n pháº©m Ä‘Ã³ng gÃ³i cáº©n tháº­n. Äiá»‡n thoáº¡i cáº§m cháº¯c tay . NhÃ¬n mÆ°á»£t. ChÆ¡i game okey. Sáº¡c nhanh']"
Äiá»‡n Thoáº¡i ThÃ´ng Minh GiÃ¡ Ráº» Samsung Galaxy J2 prime G532 Há»— Trá»£ 4G,"â‚«276,000",https://www.lazada.vn/products/dien-thoai-thong-minh-gia-re-samsung-galaxy-j2-prime-g532-ho-tro-4g-i2433646174.html,4.9,93 Ratings,"['Thien N.', 'Mai N.', '0***3', '0***8', '9***9']","[5, 5, 5, 5, 5]","['khÃ´ng nhÆ° y', 'sau Ä‘iá»‡n thoáº¡i k cÃ³ táº·ng kÃ¨m cá»¥c sáº¡c váº­y shop.Ä‘iá»‡n thoai thÃ¬ ok', 'tá»‘t láº¯m', 'Tá»‘á»‘t ok OK OK..............okok ..........ok........mua tiáº¿p...........ok...!', 'sáº£n pháº©m tá»‘t']"
Xiaomi Redmi 12C 4GB - 64GB,"â‚«2,490,000",https://www.lazada.vn/products/xiaomi-redmi-12c-4gb-64gb-i2203534934.html,5.0,21 Ratings,"['Tiáº¿n H.', 'Tiáº¿n H.', 'Tiáº¿n H.', 'Nguyá»…n H.', 'T***.']","[5, 5, 5, 5, 5]","['Cháº¥t lÆ°á»£ng:hÃ i lÃ²ng , mua nhiá»u á»Ÿ fpt giao cÅ©ng nhanh hÆ¡n bt , mÃ¡y sÃ i khÃ¡ nhanh ko nhÆ° oppo dÃ¹ng ráº¥t Ä‘Æ¡ vÃ ,giáº­t , nÃªn mua xiaomi nhÃ© m.n giao nhanh', 'ráº» nhanh', 'hÃ i lÃ²ng giÃ¡ tá»‘t', 'Cháº¥t liá»‡u:tá»‘t', 'Cháº¥t lÆ°á»£ng:hÃ i lÃ²ng mÃ¡y giao nhanh']"
"Äiá»‡n thoáº¡i Oppo A16 ChÃ­nh HÃ£ng 2sim ram 6G/128G, Camera siÃªu nÃ©t, Cáº¥u hÃ¬nh máº¡nh máº½, Chiáº¿n má»i game náº·ng Ä‘á»‰nh mÆ°á»£t - TT 02","â‚«1,428,487",https://www.lazada.vn/products/dien-thoai-oppo-a16-chinh-hang-2sim-ram-6g128g-camera-sieu-net-cau-hinh-manh-me-chien-moi-game-nang-dinh-muot-tt-02-i2490573357.html,5.0,33 Ratings,"['Moi M.', 'Anhk G.', 'Love N.', 'Trung L.', 'Trin B.']","[5, 5, 5, 5, 5]","['Cháº¥t lÆ°á»£ng:Ngoáº¡i hÃ¬nh mÃ¡y cÃ²n Ä‘áº¹p ,â¤â¤â¤ .chá»©c nÄƒng Ä‘áº§y Ä‘á»§ vÃ  sau thá»i gian sá»­ dá»¥ng thÃ¬ mÃ¡y váº«n hoáº¡t Ä‘á»™ng tá»‘t.....', 'Mua Ä‘Ãºng shop uy tÃ­n, nháº­n Ä‘Æ°á»£c con hÃ ng mÃ¬nh Ä‘áº·t dÃ¹ng ráº¥t tá»‘t. Giao hÃ ng cÅ©ng nhanh chÃ³ng vÃ  Ä‘Ã³ng gÃ³i hÃ ng cÅ©ng Ä‘áº¹p', '""NGON Bá»” Ráºº "" Ä‘Ã¡ng Ä‘á»ƒ sá»­ dá»¥ng khi tÃ¬nh hÃ¬nh kinh táº¿ khÃ³ khÄƒn thÃ¬ hÃ ng like new lÃ  1 lá»±a chá»n tá»‘t.', 'Ä‘Ã³ng gÃ³i cáº©n tháº­n ká»· cÃ ng \nmÃ¡y Ä‘áº¹p,má»›i nhÃ¬n báº¯t máº¯t \nxÃ i lÆ°á»›t ráº¥t nhanh vÃ  nháº¡y\ncÃ¡c chá»©c nÄƒng Ä‘á»u tá»‘t\ngiao hÃ ng thÃ¬ nhanh\ngiÃ¡ cÅ©ng há»£p lÃ½ \nmÃ¡y xÃ i ráº¥t ngon\nnghe gá»i loa toa,rÃµ\nnÃ³i chung mÃ¡y tá»‘t\npin tá»‘t,khá»e xÃ i ok\nshop nÃ y uy tÃ­n nÃ¨\nnháº­n xÃ©t 5sao', 'Cháº¥t lÆ°á»£ng:Ship hÃ ng nhanh chÃ³ng \nMÃ¡y mÃ³c nháº­n Ä‘Æ°á»£c Ä‘áº¹p ğŸ˜ğŸ˜ğŸ˜\nChá»©c nÄƒng mÃ¡y nhiá»u vÃ  hoáº¡t Ä‘á»™ng tá»‘t ğŸ‘ğŸ‘ğŸ‘\nGiÃ¡ cáº£ láº¡i bÃ¬nh dÃ¢n , nÃªn Ä‘Æ°á»£c á»§ng há»™.']"
Sumsung Note30 ultra Orihinal na Äiá»‡n thoáº¡i di Ä‘á»™ng 8GB RAM 512GB ROM 7.5 inch Ä‘á»ƒ bÃ¡n Äiá»‡n thoáº¡i thÃ´ng minh Orihinal na CP Ä‘á»ƒ bÃ¡n Tháº» SIM kÃ©p Note30 ultra-Game Äiá»‡n thoáº¡i di Ä‘á»™ng sáº¡c Ä‘iá»‡n thoáº¡i thÃ´ng minh 4G 5G,"â‚«1,200,000",https://www.lazada.vn/products/sumsung-note30-ultra-orihinal-na-dien-thoai-di-dong-8gb-ram-512gb-rom-75-inch-de-ban-dien-thoai-thong-minh-orihinal-na-cp-de-ban-the-sim-kep-note30-ultra-game-dien-thoai-di-dong-sac-dien-thoai-thong-minh-4g-5g-i2333398594.html,4.8,12 Ratings,"['0***2', 'DuyÃªn L.', '0***3', '*******718', '0***2']","[5, 5, 5, 5, 5]","['mÃ¡y thiáº¿t káº¿ Ä‘áº¹p lÃªn máº¡ng nhanh nghe nháº¡c xem phim thoáº£i mÃ¡i ok', 'Ä‘iá»‡n thoáº¡i má»›i cÃ³ khÃ¡c dá»… sá»­ dá»¥ng cháº¡y im láº¯m áº¡', 'tui da nhan dc hang rÃ¹i áº¡ gÃ³i hang Ä‘ep ky shop tu van nhiet tih tih nag thi chua sd het nÃªn chua biet hy vog se ug ho shop lan sau áº¡', 'hÃ ng má»›i giao test thá»­ mÃ¡y tháº¥y cá»§ng á»•n gá»i video trong láº¯m áº¡', 'Shop giao hÃ ng nhanh , máº·t hÃ ng Ä‘áº¹p vÃ  giá»‘ng trong hÃ¬nh ,  mÃ¡y sÃ i ráº¥t tá»‘t']"
Äiá»‡n thoáº¡i thÃ´ng minh 5.0 Inch,"â‚«50,000",https://www.lazada.vn/products/dien-thoai-thong-minh-50-inch-i2410909626.html,0,0 Ratings,[],[],[]
"[ Ráºº VÃ” Äá»ŠCH ] Ä‘iá»‡n thoáº¡i giÃ¡ siÃªu ráº» LG V50 ThinQ 5G ChÃ­nh HÃ£ng ram 8G/256G, MÃ n hÃ¬nh: AMOLED, 6.4"", Quad HD+ (2K+), CPU: Snapdragon 855 8 nhÃ¢n, Cáº¥u hÃ¬nh Chip Cao máº¡nh máº½ CÃ y LiÃªn QuÃ¢n- PUBG-Free Fire-Tiktok siÃªu mÆ°á»£t","â‚«3,049,000",https://www.lazada.vn/products/re-vo-dich-dien-thoai-gia-sieu-re-lg-v50-thinq-5g-chinh-hang-ram-8g256g-man-hinh-amoled-64-quad-hd-2k-cpu-snapdragon-855-8-nhan-cau-hinh-chip-cao-manh-me-cay-lien-quan-pubg-free-fire-tiktok-sieu-muot-i2492999480.html,5.0,60 Ratings,"['Nguyen T.', 'V***.', 'C***.', 'Dung H.', 'Bieu C.']","[5, 5, 5, 5, 5]","['giao haÌ€ng nhanh. Ä‘oÌng goÌi cÃ¢Ì‰n thÃ¢Ì£n, maÌy ok cho 5 sao', 'NhÃ¢n viÃªn tÆ° váº¥n , chÄƒm sÃ³c khÃ¡ch hÃ ng chu Ä‘Ã¡o Giao hÃ ng nhanh chÃ³ng, má»Ÿ hÃ ng ra Ä‘Ãºng sáº£n pháº©m MÃ¡y sÃ i ok , pin chuáº©n , má»i thá»© ráº¥t á»•n. Thank shop', 'Ä‘Ã³ng gÃ³i hÃ ng cáº©n tháº­n.thÃ¡i Ä‘á»™ shop phá»¥c vá»¥ nhiá»‡t tÃ¬nh, chu Ä‘Ã¡o tá»« khi giá»›i thiá»‡u sáº£n pháº©m Ä‘áº¿n khi sp vá» Ä‘áº¿n tay khÃ¡ch hÃ ng.cáº£m Æ¡n shop nhiá»u.chÃºc shop ngÃ y cÃ ng cÃ³ nhiá»u khÃ¡ch hÃ ng tin tÆ°á»Ÿng vÃ  á»§ng há»™ nhiá»u hÆ¡n ná»¯a.', 'Cháº¥t lÆ°á»£ng:nháº­n Ä‘Æ°á»£c sáº£n pháº©m cá»§a shop giao rá»“i mÃ¡y Ä‘áº¹p vÃ  tá»‘t hÆ¡n mÃ¬nh nghÄ© mÃ¡y thiáº¿t káº¿ Ä‘áº¹p cáº§m vá»«a tay, má»i chá»©c nÄƒng cá»§a mÃ¡y mÃ¬nh Ä‘Ã£ kiá»ƒm tra hoáº¡t Ä‘á»™ng bÃ¬nh thÆ°á»ng. thÃ­ch nháº¥t lÃ  khoáº£ng chá»¥p áº£nh nÃ©t vÃ  chÆ¡i game ráº¥t mÆ°á»£t mÃ . xem youtube cÅ©ng ráº¥t Æ°ng Ã½. Ä‘iá»ƒm 10 cho shop luÃ´n. chÃºc shop lÃ m Äƒn luÃ´n phÃ¡t Ä‘áº¡t vÃ  Ä‘Æ°á»£c tháº­t nhiá»u khÃ¡ch hÃ ng á»§ng há»™.', 'mÃ¡y Ä‘áº¹p cÃ¡c bÃ¡c Æ¡i. má»›i nguyÃªn con luÃ´n, sá»­ dá»¥ng á»•n Ä‘á»‹nh , cÃ³ tiáº¿ng viá»‡t Ä‘áº§y Ä‘á»§, cháº¥t lÆ°á»£ng vÃ  cáº¥u hÃ¬nh mÃ¡y giá»‘ng nhÆ° shop Ä‘Ã£ nÃ³i. mua shop nÃ y ok nha cÃ¡c báº¡n']"
"Ä‘iá»‡n thoáº¡i giÃ¡ ráº» LG V50 ThinQ 5G ram 6G/128G, cáº¥u hÃ¬nh mÃ¡y khá»§ng, cÃ y game náº·ng siÃªu mÆ°á»£t mÃ , - S01","â‚«3,049,000",https://www.lazada.vn/products/dien-thoai-gia-re-lg-v50-thinq-5g-ram-6g128g-cau-hinh-may-khung-cay-game-nang-sieu-muot-ma-i2493071129.html,5.0,62 Ratings,"['Lo G.', 'Du T.', 'Fun T.', 'Vin H.', 'Tho S.']","[5, 5, 5, 5, 5]","['mÃ¡y Ä‘áº¹p má»›i lá»‹ch lÃ£m phong cÃ¡ch, coi phim lÆ°á»›t web mÆ°á»£t mÃ . mÃ¡y cáº¥u hÃ¬nh máº¡nh tráº£i nghiá»‡m game cá»±c cháº¥t, giÃ¡ cáº£ pháº£i chÄƒng hÃ ng cháº¥t lÆ°á»£ng nÃªn Ä‘Ã¡nh giÃ¡ 5 sao cho shop', 'GiÃ¡ cáº£ mÃ¬nh tháº¥y ráº» vÃ  há»£p lÃ­ Äiá»‡n thoáº¡i Ä‘áº¹p , Ä‘á»§ á»©ng dá»¥ng NhÃ¢n viÃªn chÄƒm sÃ³c khÃ¡ch Ok Sáº£n pháº©m sÃ i ngon lÃ nh vÃ  tá»‘t', 'Äiá»‡n thoaÌ£i má»›i sá»­ duÌ£ng nÃªn mÃ¬nh tháº¥y nÃ³ táº¡m thá»i ráº¥t oke áº¡, sau nÃ y ko biáº¿t cÃ³ bá»‹ gÃ¬ hay ko, nhÆ°ng sÄƒn sale Ä‘Æ°á»£c maÌy nÃ y giÃ¡ ráº» cá»±c ^^ haÌ€i loÌ€ng lÄƒÌm lun', 'maÌy tÃ´Ìt hÆ¡n sÆ°Ì£ kyÌ€ voÌ£ng cuÌ‰a tÃ´i. maÌy Ä‘eÌ£p cÄƒng Ä‘eÌt luÃ´n . Ä‘aÌƒ duÌ€ng hÆ¡n nÆ°Ì‰a thaÌng giÆ¡Ì€ mÆ¡Ìi cho shop caÌi Ä‘aÌnh giaÌ 5 sao neÌ€. baÌc naÌ€o coÌ€n phÃ¢n vÃ¢n thiÌ€ mua luÃ´n Ä‘i cho noÌng nha....', 'mÃ¡y siÃªu Ä‘áº¹p, má»›i tinh . cá»© nghÄ© vá»›i giÃ¡ nÃ y thÃ¬ nháº­n Ä‘Æ°á»£c mÃ¡y cÅ©ng khÃ´ng mong Ä‘á»£i nhiá»u, nhÆ°ng mÃ  ráº¥t báº¥t ngá», mÃ¡y Ä‘áº¹p, cÃ¡c chá»©c nÄƒng hoáº¡t Ä‘á»™ng tá»‘t, mÆ°á»£t mÃ . chá»¥p hÃ¬nh Ä‘áº¹p, cÃ³ cÃ¡i camera selfie thá»¥t thÃ² ráº¥t láº¡. mÃ¬nh tháº¥y táº¥t cáº£ ráº¥t á»•n sá»‘ vá»›i giÃ¡. nÃªn mua nhÃ© má»i ngÆ°á»i, shop nÃ y uy tÃ­n , tÆ° váº¥n ráº¥t nhiá»‡t tÃ¬nh, giao hÃ ng nhanh,, sáº½ mua á»§ng há»™ shop khi cÃ³ nhu cáº§u']"
"Äiá»‡n thoáº¡i Samsung Galaxy A54 5G - HÃ ng ChÃ­nh HÃ£ng, Má»›i 100%, NguyÃªn seal, Báº£o HÃ nh 12 ThÃ¡ng","â‚«8,290,000",https://www.lazada.vn/products/dien-thoai-samsung-galaxy-a54-5g-hang-chinh-hang-moi-100-nguyen-seal-bao-hanh-12-thang-i2232865605.html,5.0,49 Ratings,"['Hinh2k99 Ä.', 'Hoang T.', '*******736', 'Pick M.', 'C***.']","[5, 5, 5, 5, 5]","['Sáº£n pháº©m Ä‘áº¹p Ä‘Ã¡ng mua nhiá»u máº«u mÃ£ Ä‘a dáº¡ng cháº¥t lÆ°á»£ng má»Ÿ há»™p chÃ­nh hÃ£ng', 'Hiá»‡u suáº¥t mÆ°á»£t mÃ  vÃ  pháº£n há»“i nhanh, TÃ­nh nÄƒng sáº¡c nhanh, MÃ n hÃ¬nh Ä‘á»™ phÃ¢n giáº£i cao, Káº¿t ná»‘i 5G nhanh chÃ³ng,', 'TÃ­nh nÄƒng:tá»‘t\n Cháº¥t lÆ°á»£ng:tá»‘t\n Cháº¥t liá»‡u:tá»‘t', 'TÃ­nh nÄƒng:  ok\n\n Cháº¥t lÆ°á»£ng: ok\n\nMua sale nÃªn cho lun 10*\n\n*&â‚«\nThikkkkkkkkkkkkkkkkkkkkk', 't7d7td7tfugcugc8hf8yf8yf8yf8yfigfigcigcugcugfugcugcugc']"
Galaxy S23 Ultra Waterproof Phone 12 + 512 GB large memory 6.7 inch HD camera mobile phone durable 5600 mAh dual SIM card fashion 24 + 48 MP HD camera popular Free shipping smart phone,"â‚«1,139,839",https://www.lazada.vn/products/dien-thoai-khong-tham-nuoc-galaxy-ultra-bo-nho-lon-12512-gb-dien-thoai-di-dong-may-anh-hd-67-inch-pin-5600-mah-ben-bi-hai-the-sim-camera-hd-2448-mp-thoi-trang-thong-minh-dien-thoai-mien-phi-van-chuyen-dung-pho-bien-i2211115249.html,4.5,31 Ratings,"['Tuyen T.', 'Bao G.', 'Hoa H.', 'Nhi K.', 'Nguyen T.']","[5, 5, 5, 5, 5]","['ÄÃ£ nháº­n Ä‘Æ°á»£c Ä‘Æ¡n Ä‘áº·t hÃ ng, hÆ¡i lÃ¢u má»™t chÃºt nhÆ°ng nÃ³i chung lÃ  á»•n, Ä‘áº·c biá»‡t lÃ  bao bÃ¬. CÃ³ nhiá»u pháº§n thÆ°á»Ÿng miá»…n phÃ­ hÆ¡n.', 'NÃ³ Ä‘Ã£ Ä‘Æ°á»£c giao trong thá»i gian, Ä‘Ã³ng gÃ³i tá»‘t, khÃ´ng cÃ³ thiá»‡t háº¡i nÃ o cáº£. TÃ´i hÃ i lÃ²ng vá»›i thiáº¿t bá»‹ tÃ´i nháº­n Ä‘Æ°á»£c, nÃ³ trÃ´ng sang trá»ng vÃ  tÃ´i thÃ­ch mÃ u sáº¯c. TÃ´i thá»±c sá»± chá» Ä‘á»£i cho máº·t hÃ ng nÃ y cÃ³ sáºµn. CÃ¡c Ä‘Æ¡n vá»‹ Ä‘ang lÃ m viá»‡c tá»‘t.', 'CÃ¡c gÃ³i lÃ  Ä‘á»§ tá»‘t cho sá»± an toÃ n cá»§a máº·t hÃ ng. ÄÃ³ lÃ  giao hÃ ng nhanh chÃ³ng. Cáº£m Æ¡n ngÆ°á»i bÃ¡n, LAZADA vÃ  Ä‘á»‘i tÃ¡c giao hÃ ng cá»§a há». CÃ¡c máº·t hÃ ng Ä‘Ã£ Ä‘Æ°á»£c niÃªm phong vÃ  há»£p phÃ¡p.', 'KÃ­ch thÆ°á»›c cá»§a Ä‘iá»‡n thoáº¡i di Ä‘á»™ng phÃ¹ há»£p, tá»‘c Ä‘á»™ cá»§a Ä‘iá»‡n thoáº¡i di Ä‘á»™ng cÅ©ng nhanh, mÃ u sáº¯c cÅ©ng lÃ  sá»Ÿ thÃ­ch cá»§a tÃ´i, ráº¥t Ä‘Ã¡ng Ä‘á»ƒ mua', 'TÃ´i thÃ­ch nÃ³, mÃ¡y áº£nh rÃµ nÃ©t vÃ  Ä‘Ã³ng gÃ³i ráº¥t cháº¯c cháº¯n. NÃ³ Ä‘Æ°á»£c bá»c bong bÃ³ng khi Ä‘áº¿n nÆ¡i nÃªn khÃ´ng bá»‹ hÆ° háº¡i vÃ  khÃ´ng cÃ³ váº¥n Ä‘á» gÃ¬ khi tÃ´i nháº­n Ä‘Æ°á»£c, cáº£m Æ¡n ngÆ°á»i bÃ¡n.']"
Äiá»‡n Thoáº¡i ZTE Blade V50 Design | 18GB(8GB+10GB)/128GB/256GB | 6.6'' Full HD+ | Octa Core 1.6GHZ | 5000mAh 22.5W | ChÃ­nh HÃ£ng,"â‚«2,850,000",https://www.lazada.vn/products/dien-thoai-zte-blade-v50-design-18gb8gb10gb128gb256gb-66-full-hd-octa-core-16ghz-5000mah-225w-chinh-hang-i2454940047.html,4.9,65 Ratings,"['LA V.', 'Nang L.', 'Jonh L.', 't***n', 'Nguyá»…n C.']","[5, 5, 5, 5, 5]","['Thiáº¿t káº¿ mÆ°á»£t mÃ  vÃ  hiá»‡n Ä‘áº¡i, Hiá»‡u suáº¥t mÆ°á»£t mÃ  vÃ  pháº£n há»“i nhanh, Camera sau Ä‘á»™ phÃ¢n giáº£i cao,', 'táº¡m thá»i dÃ¹ng ok sau nÃ y khÃ´ng biáº¿t tháº¿ nÃ o', 'shop uy tÃ­n, Ä‘áº·t hÃ ng trong vÃ²ng 24 tiáº¿ng Ä‘Ã£ nháº­n Ä‘Æ°á»£c, há»™p giáº¥y bao bÃ¬ ráº¥t lÃ  Ä‘áº¹p, mÃ¡y cháº¡y ok, Ä‘iá»ƒm antutu lÃ  230.000, mÃ¡y khÃ´ng cÃ³ chá»©c nÄƒng gÃµ hai láº§n mÃ n hÃ¬nh sáº½ sÃ¡ng lÃªn. nÃ³i chung lÃ  ok so vá»›i má»©c giÃ¡.', 'hÃ ng uy tÃ­n má»—i tá»™i kh cÃ³ tai nghe nÃªn cho 4*', 'sáº£n pháº©m khÃ¡ oke dÃ¹ng cÅ©ng Ä‘c']"
"Sim Vietnamobile 2023 Háº¡n 1ThÃ¡ng - Táº¡o TÃ i Khoáº£n ZL,SP,FB,MMO,GAME (KhÃ´ng 4G)","â‚«16,000",https://www.lazada.vn/products/sim-vietnamobile-2023-han-1thang-tao-tai-khoan-zlspfbmmogame-khong-4g-i2161322278.html,4.8,79 Ratings,"['Tráº§n B.', 'HÃ  V.', 'H***.', 'v***.', 'HÃ€ T.']","[5, 5, 5, 5, 5]","['sim má»›i .tá»‘t cÃ³ hÆ°á»›ng dáº«n sá»­ dá»¥ng rá» rÃ ng .goooooooooooooooog', 'Shop phá»¥c vá»¥ ráº¥t chu Ä‘Ã¡o, hÆ°á»›ng dáº«n sá»­ dá»¥ng sim ráº¥t chi tiáº¿t, cháº¯c cháº¯n sáº½ quay láº¡i', 'wiwuuwiwiwiwiiwiwuwuwusbsib9;28$-82-Ã—Â¶=`Ã—`=`Ã—`Â°Ã·Â°Â¢Ã·{Â£] Â£{Â£â„…â‚¬=^Ã·Â©Ï€Â¢Ã·Â°á»‹ahauagauaghshs', 'Vietnamobil2023 ğŸ˜€ğŸ‘', 'Ä‘Ã£ mua nhiá»u láº§n á»Ÿ shop. sim dk dá»‹ch vá»¥ ok']"
"Ä‘iá»‡n thoáº¡i Oppo Reno2 Z 2sim ram 8G/256G mÃ¡y ChÃ­nh HÃ£ng, lÆ°á»›t Wed Tiktok Facebook Youtube cháº¥t, Báº£o hÃ nh 12 thÃ¡ng - TTN 01","â‚«912,083",https://www.lazada.vn/products/dien-thoai-oppo-reno2-z-2sim-ram-8g256g-may-chinh-hang-luot-wed-tiktok-facebook-youtube-chat-bao-hanh-12-thang-ttn-01-i2315654160.html,4.7,165 Ratings,"['Sau L.', 'Thong L.', 'Done R.', 'Lamn V.', 'Thao L.']","[5, 5, 5, 5, 5]","['ÄÃ£ nháº­n Ä‘Æ°á»£c hÃ ng\nÄÃ³ng hÃ ng cáº©n tháº­n \nKhui ra mÃ¡y má»›i Ä‘áº¹p\nTest má»™t tuáº§n rá»“i\nCáº£m á»©ng mÆ°á»£t mÃ  \nNghe gá»i to rÃµ\nQuay phim, chá»¥p áº£nh nÃ©t\nLÆ°á»›t tiktok, wed nhanh\nPin trÃ¢u chÆ¡i game tá»‘t\nBáº£o hÃ nh Ä‘áº§y Ä‘á»§\nShop nhiá»‡t tÃ¬nh láº¯m\nGiÃ¡ cáº£ há»£p lÃ½\nÄiá»‡n thoáº¡i xinh xá»‹n\nMá»i ngÆ°á»i nÃªn mua\nMÃ¬nh sáº½ mua tiáº¿p\nCho shop 5 sao', 'shop nÃ y toÃ n bÃ¡n mÃ¡y ráº» \nnhÆ°ng chá»©c nÄƒng Ä‘á»u xÃ i tá»‘t\ntháº­t vui khi mua Ä‘Æ°á»£c cÃ¡i mÃ¡y cháº¥t lÆ°á»£ng á»Ÿ shop\nmÃ¡y shop bÃ¡n xÃ i cáº£m giÃ¡c Æ°ng Ã½\nmá»i chi tiáº¿t nhá» Ä‘á»u tá»‘t\ntÃ³m láº¡i shop nÃ y uy tÃ­n láº¯m luÃ´n\ncÃ³ nhu cáº§u thÃ¬ á»§ng há»™ shop tiáº¿p\nÄ‘Ã¡nh giÃ¡ shop 5 sao', 'Cháº¥t liá»‡u:\n1 --- shop giao hÃ ng nhanh ,gÃ³i hÃ ng sáº¡ch Ä‘áº¹p \n2 --- Ngoáº¡i hÃ¬nh mÃ¡y Ä‘áº¹p, mÃ u mÃ¡y cÅ©ng dá»… nhÃ¬n \n3 --- Cháº¥t lÆ°á»£ng thÃ¬ mÃ n hÃ¬nh sÃ¡ng xem youtube dá»… nhÃ¬n, loa trong loa ngoÃ i to rÃµ, cáº£m á»©ng mÆ°á»£t ko bá»‹ giá»±t, sáº¡c cÅ©ng nhanh Ä‘áº§y, sÃ³ng sÃ¡nh á»•n Ä‘á»‹nh...\n4 --- tÃ³m láº¡i giÃ¡ cÃ³ ráº», mÃ¡y cÅ©ng Ä‘áº¹p, cháº¥t lÆ°á»£ng mÃ¡y cÅ©ng ok vÃ  á»•n Ä‘á»‹nh thÃ¬ mÃ¬nh cho 5 sao  .', 'sáº£n pháº©m sÃ i khÃ¡ tá»‘t, mua 2 tuáº§n rá»“i sÃ i váº«n á»•n vÃ  bÃ¬nh thÆ°á»ng,hay mua hÃ ng bÃªn shop vÃ¬ á»Ÿ Ä‘ay cÃ³ cháº¿ Ä‘á»™ báº£o hÃ nh ráº¥t tá»‘t, nhÃ¢n viÃªn nhiá»‡t tÃ¬nh khi tÆ° váº¥n sáº£n pháº©m. Äáº·c biá»‡t nhÆ° mÃ¬nh hay tham kháº£o thÃ¬ shop bÃ¡n mÃ¡y cháº¥t lÆ°á»£ng vÃ  giÃ¡ cÃ³ ráº» hÆ¡n 1 sá»‘ nÆ¡i nÃªn luÃ´n tin tÆ°á»Ÿng vÃ  á»§ng há»™ shop ğŸ‘ğŸ‘ğŸ‘ğŸ‘ğŸ‘ğŸ‘ğŸ‘ğŸ‘ğŸ‘ğŸ‘ğŸ‘ğŸ‘ğŸ‘ğŸ‘ğŸ‘ğŸ‘ğŸ‘ğŸ‘ğŸ‘ğŸ‘ğŸ‘ğŸ‘ğŸ‘ğŸ‘ğŸ‘ğŸ‘ğŸ‘ğŸ‘ğŸ‘ğŸ‘ğŸ‘ğŸ‘ğŸ‘ğŸ‘ğŸ‘ğŸ‘ğŸ‘ğŸ‘ğŸ‘ğŸ‘', 'mÃ¡y má»›i nghe gá»i loa rÃµ\nsáº¡c pin cÅ©ng nhanh Ä‘áº§y\nsá»­ dá»¥ng pin cÅ©ng lÃ¢u má»›i háº¿t\nmÃ  shop láº¡i bÃ¡n mÃ¡y ráº», cÃ²n má»›i ná»¯a \ncáº£m nháº­n má»i chá»©c nÄƒng mÃ¡y Ä‘á»u ngon\n10 Ä‘iá»ƒm cho shop nhÃ©']"
[CHÃNH HÃƒNG] Äiá»‡n thoáº¡i giÃ¡ ráº» Nokia 1616 siÃªu bá»n loa to,"â‚«75,000",https://www.lazada.vn/products/chinh-hang-dien-thoai-gia-re-nokia-1616-sieu-ben-loa-to-i535350761.html,4.7,121 Ratings,"['Hiáº¿u', '0***0', 'nguyá»…n T.', 'Háº¡nh P.', 'Tráº§n N.']","[5, 5, 5, 5, 5]","['ráº¥t tá»‘t .cáº£m Æ¡n shop ráº¥t nhiá»u', 'Ä‘iá»‡n thoáº¡i cá»§ quáº£ xÃ i khÃ´ng Ä‘Æ°á»£c ná»¯a máº£ng hÃ¬nh ko tháº¥y', 'Ok tá»‘t.hÃ¬nh áº£nh minh hoáº¡', 'ÄT OK.chat luong nhu the nao thÃ¬ su dung má»›i biet', 'loa lon .am thanh tot.gia re vua tui tien']"
"Äiá»‡n thoáº¡i Gree G0215D - MÃ n hÃ¬nh 6 Inch 2K, Ram 4gb Bá»™ Nhá»› 64GB, Pin 4000 Mah, 2 Sim, Tiáº¿ng Viá»‡t","â‚«670,000",https://www.lazada.vn/products/dien-thoai-gree-g0215d-man-hinh-6-inch-2k-ram-4gb-bo-nho-64gb-pin-4000-mah-2-sim-tieng-viet-i1646217086.html,4.5,68 Ratings,"['5***3', 'nguyen H.', 'ThÃ nh Ä.', 'Luu L.', 'ViÃªt T.']","[5, 5, 5, 5, 5]","['dien thoai Ä‘áº¹p cáº¥u hÃ¬nh tá»‘t hÆ¡n mong Ä‘á»£i , Shop tÆ° váº¥n nhiá»‡t tÃ¬nh , cho shop 5 sao , mÃ¡y khÃ¡ má»›i khoáº£ng 98 %', 'Ä‘Ã£ test mÃ¡y ok, pin trÃ¢u 4200 Mha, cÃ³  ná»­a tiáº¿ng viá»‡t ná»­a tiáº¿ng tÃ u', 'mÃ¡y mÆ°á»£t, chÆ¡i game nháº¹ liÃªn quÃ¢n ff Ä‘Æ°á»£c mÃ n Ä‘áº¹p nÃ©t, nhÆ°ng met thÃ¬ ko vÃ o Ä‘Æ°á»£c nÃ³i chung oknr', 'mÃ¡y máº¥t phÃ­m Ã¢m lÆ°á»£ng khi má»Ÿ há»™p Ä‘Ã£ bá»‹ bÃ³c háº¿t tem báº£o hÃ nh shop khÃ¡ lÃ  lÆ°Æ¡n. vÃ  uprom thuáº§n google ko pháº£i MIUI  \nvá»›i láº¡i mua vá» chÆ¡i game thÃ¬ nÃ³ng nhÆ° cÃ¡i lÃ² chÆ¡i game lag', 'mÃ¡y nhÆ° má»›i luÃ´n áº¡, má»i tÃ­nh nÄƒng Ä‘á»u mÆ°á»£t mÃ  áº¡, xÃ i thÃ­ch láº¯m']"
Ä‘iá»‡n thoáº¡i cÅ© 6-s plus mvt Ä‘áº¹p trÃªn 90% giÃ¡ ráº»,"â‚«1,299,000",https://www.lazada.vn/products/dien-thoai-cu-6-s-plus-mvt-dep-tren-90-gia-re-i2429835576.html,5.0,3 Ratings,"['BÃ¹i Q.', 'Trá»‹nh M.', 'pháº¡m H.']","[5, 5, 5]","['Ngoáº¡i hÃ¬nh mÃ¡y ok, bá»™ nhá»› cao, pin hÆ¡i yáº¿u, dÃ¹ng lÃ m mÃ¡y phá»¥ ok nha', 'anh em nÃªn mua', 'TÃ­nh nÄƒng:ok chua ktra háº¿t nhug thay ok\n Cháº¥t lÆ°á»£ng:pin 90 ,bá»™ nhá»› dc cÃ³ 32g\n Cháº¥t liá»‡u:tot']"
Äiá»‡n Thoáº¡i Infinix Hot 30 8GB/256GB - HÃ ng ChÃ­nh HÃ£ng,"â‚«3,489,000",https://www.lazada.vn/products/dien-thoai-infinix-hot-30-8gb256gb-hang-chinh-hang-i2397700910.html,4.8,45 Ratings,"['nguyen V.', 'lac G.', 'CÆ°Æ¡ng H.', 'Äá»— V.', '3***6']","[5, 5, 5, 5, 5]","['TÃ­nh nÄƒng:tá»‘t\n Cháº¥t lÆ°á»£ng:tot\n Cháº¥t liá»‡u:tá»‘t \ntrong táº§m giÃ¡\nthá»±c táº¿ tui Ä‘áº·t mua 2 sp má»™t nháº­n rá»“i má»™t sáº¯p giao.', 'cÆ¡ báº£n lÃ  ngon........................................', 'mua cho phá»¥ huynh, Ä‘áº·t Ä‘en nhÆ°ng háº¿t hÃ ng, shop cÃ³ cho chá»n láº¡i, nÃªn mÃ¬nh láº¥y mÃ u tráº¯ng', 'Tuá»•i thá» pin tuyá»‡t vá»i, kÃ©o dÃ i cáº£ ngÃ y, Sáº£n pháº©m chÃ­nh hÃ£ng, ráº¥t Ä‘Ã¡ng giá»›i thiá»‡u, Tráº£i nghiá»‡m mÆ°á»£t mÃ  trÃªn mÃ n hÃ¬nh cáº£m á»©ng, TÃ­nh nÄƒng Bluetooth hoáº¡t Ä‘á»™ng hoÃ n háº£o,', 'Thiáº¿t káº¿ má»ng nháº¹, thÃ­ch láº¯m!, Cháº¥t lÆ°á»£ng camera áº¥n tÆ°á»£ng, Tráº£i nghiá»‡m mÆ°á»£t mÃ  trÃªn mÃ n hÃ¬nh cáº£m á»©ng, Dung lÆ°á»£ng lÆ°u trá»¯ lá»›n, phÃ¹ há»£p vá»›i nhu cáº§u cá»§a tÃ´i,']"
"Äiá»‡n thoáº¡i ZTE Libero 5G III - 4/64GB Dimensity 700 ,MÃ n OLED ,KhÃ¡ng nÆ°á»›c IP57 - Má»›i nguyÃªn seal - HÃ ng nháº­p kháº©u","â‚«2,350,000",https://www.lazada.vn/products/dien-thoai-zte-libero-5g-iii-464gb-dimensity-700-man-oled-khang-nuoc-ip57-moi-nguyen-seal-hang-nhap-khau-i2438672721.html,4.8,84 Ratings,"['Pham B.', 'HÃ¹ng T.', 'Loki', '*******097', '0***6']","[5, 5, 5, 5, 5]","['MÃ n hÃ¬nh OLED lá»›n cho tráº£i nghiá»‡m xem tuyá»‡t vá»i!,', 'Nháº­n mÃ¡y trong tÃ¬nh tráº¡ng shop Ä‘Ã£ khui há»™p ,ko siu,cháº¯c shops cÃ i tiáº¿ng viá»‡t hay j Ä‘Ã³ luÃ´n cho khÃ¡ch.cÃ²n vá» mÃ¡y má»›i dÃ¹ng ná»¯a ngÃ y tháº¥y ráº¥t Æ°ng.cá»§ sáº¡c hÆ¡i tá»Ÿm dÃ¹ máº¥t thÃªm tiá»n.', 'QuÃ¡ ráº½ cho 1 con mÃ¡y nhÆ° nÃ y. MÃ¬nh chá»‰ sÃ i google map thÃ¬ quÃ¡ tuyá»‡t vá»i rá»“iMÃ n hÃ¬nh cao cáº¥p cho hÃ¬nh áº£nh sáº¯c nÃ©t!,', 'ok bnnnnbnjjkjsjjdjfjcjcnncncncncnvjvjjcjcjcjcjjcncjcjcncnncncncncncnykykykykymmxnnnnxnxnxbcbcbcbcncbnxjsjkskxkxkkcjcjxjcjkcjdjjfjxnxndndn', 'MÃ n hÃ¬nh cao cáº¥p cho hÃ¬nh áº£nh sáº¯c nÃ©t!, MÃ n hÃ¬nh OLED lá»›n cho tráº£i nghiá»‡m xem tuyá»‡t vá»i!, Hiá»‡u suáº¥t nhanh chÃ³ng vÃ  máº¡nh máº½!, Káº¿t ná»‘i 5G áº¥n tÆ°á»£ng!, Dung lÆ°á»£ng lÆ°u trá»¯ lá»›n phá»¥c vá»¥ má»i nhu cáº§u cá»§a báº¡n!, nhÆ°ng nÃ³ khÃ´ng Ä‘Æ°á»£c nháº¡y lam']"
Voucher Sá»Ÿ há»¯u Äiá»‡n Thoáº¡i Apple lPhone 13 Pro Max 512Gb - Sá»‘ lÆ°á»£ng cÃ³ háº¡n -,"â‚«26,000",https://www.lazada.vn/products/voucher-so-huu-dien-thoai-apple-lphone-13-pro-max-512gb-so-luong-co-han-i2508092977.html,4.0,52 Ratings,"['no N.', 'TÃ¹ng', 'An N.', 'Quá»‘c H.', '*******471']","[5, 5, 5, 5, 5]","['phiáº¿u vucher Ä‘á»ƒ lÃ m gÃ¬ Ä‘Ã¢y', 'Cháº¥t liá»‡u: MÃ u xanh áº¡ mong may máº¯n sáº½ má»‰m cÆ°á»i ğŸ¥°ğŸ˜ğŸ˜ğŸ˜', 'Hiá»‡u suáº¥t máº¡nh máº½ cho tráº£i nghiá»‡m mÆ°á»£t mÃ ,', 'Cháº¥t lÆ°á»£ngï¼š\nTÃ­nh nÄƒngï¼š', 'mink Æ°á»›c sáº½ chÃºng má»™t chiáº¿c Ä‘t vÃ¬ mÃ¬nh ko cÃ³ Ä‘t chá»‰ SÃ i chung cÃ¹ng bá»‘ máº¹ vÃ i phÃºt ğŸ™‚ğŸ™‚ğŸ¥²']"
New Galaxy S23 ultra + cheap smartphone cheap 4G/5G cheap 7.3 inch 8GB + 256GB mobile phone cost effective in browsing Internet 6800mAh battery,"â‚«1,067,169",https://www.lazada.vn/products/dien-thoai-thong-minh-gia-re-galaxy-ultra-moi-dien-thoai-di-dong-73-inch-8gb256gb-gia-re-4g5g-tiet-kiem-chi-phi-co-the-luot-internet-pin-6800mah-i2331531317.html,4.5,70 Ratings,"['C***.', 'T***.', 'T***.', 'H***.', 'H***.']","[5, 5, 5, 5, 5]","['VÃ¢ng, giao hÃ ng trong cá»­a hÃ ng ráº¥t nhanh. NhÃ¢n viÃªn bÃ¡n hÃ ng phá»¥c vá»¥ ráº¥t tá»‘t, ráº¥t cÃ³ trÃ¡ch nhiá»‡m, Ä‘á» nghá»‹ cá»­a hÃ ng nÃ y, ráº¥t hÃ i lÃ²ng.', 'Ráº¥t Ä‘áº§y Ä‘á»§, sáº¡c cho tai nghe softcase kÃ­nh cÆ°á»ng lá»±c má»i thá»© Ä‘á»u á»•n.. cáº£m Æ¡n báº¡n ráº¥t nhiá»u, giÃ¡ cáº£ pháº£i chÄƒng, hÃ ng mÆ°á»£t, Ä‘Ãºng mÃ´ táº£, nÃ³i chung lÃ  á»•n... ráº¥t nÃªn dÃ¹ng', 'MÃ¬nh Ä‘Ã£ test vÃ  khÃ¡ hÃ i lÃ²ng. Theo nhá»¯ng gÃ¬ tÃ´i muá»‘n. Thá»i lÆ°á»£ng pin váº«n Ä‘ang Ä‘Æ°á»£c nghiÃªn cá»©u vÃ  nÃ³ khÃ´ng tá»‡ khi chÆ¡i game. TÃ´i cÅ©ng hÃ i lÃ²ng vá»›i hiá»‡u á»©ng cá»§a mÃ¡y áº£nh nÃ y.', 'Äiá»‡n thoáº¡i di Ä‘á»™ng Ä‘áº¹p, quÃ¡ Ä‘áº¹p! MÃ n hÃ¬nh lá»›n, chÆ¡i trÃ² chÆ¡i lÃ  tuyá»‡t vá»i.', 'Ráº¥t tá»‘t Ä‘á»ƒ sá»­ dá»¥ng. XÃ£ há»™i, xem phim, chÆ¡i trÃ² chÆ¡i, tuá»•i thá» pin trong má»™t thá»i gian dÃ i. MÃ n hÃ¬nh Ä‘áº¹p, ráº¥t thÃ­ch.']"
Äiá»‡n Thoáº¡i Sharp Zero 6 â€“ HAI SIM - 5G - SIÃŠU NHáº¸ - CHIP 750G â€“ CHá»NG NÆ¯á»šC â€“ RAM 8GB â€“ ROM 128GB ...,"â‚«1,980,000",https://www.lazada.vn/products/dien-thoai-sharp-zero-6-hai-sim-5g-sieu-nhe-chip-750g-chong-nuoc-ram-8gb-rom-128gb-i2108192776.html,5.0,22 Ratings,"['Hieu P.', 'V***.', 'B***.', 'H***.', 'H***.']","[5, 5, 5, 5, 5]","['Cháº¥t lÆ°á»£ng:shop 5sao.   sáº£n pháº©m 5sao', 'HÃ ng tá»‘t, má»›i like new 97-98% tháº­t\nship giao nhanh\nshop thÃ¢n thiá»‡t sáº½ á»§ng há»™', 'Ä‘epj khÃ´ng tá»³ váº¿t', 'Má»i thá»© hoÃ n háº£o, shop vui tÃ­nh,\ngiao nhanh láº¯m\nhÆ¡i tiÃªc lÃ  chÆ°a cÃ³ Ã´p\nkhi nÃ o cÃ³ shop nhá»› gá»­i', 'Æ¯ng Ã½ vÃ´ cÃ¹ng\n10 sao cho shop\nNÃªn mua cá»§a Ã´ng nÃ y\nhá»£p lÃ½ láº¯m nhÃ¡ má»i nguoi']"
"[ Giáº£m GiÃ¡ SiÃªu Sá»‘c ] Ä‘iá»‡n thoáº¡i giÃ¡ siÃªu ráº» mÃ¡y ChÃ­nh HÃ£ng Samsung Galaxy Note 9 ram 6G/128G, Camera sau: 2 camera 12 MP,MÃ n hÃ¬nh: Super AMOLED 6.4inch (2K+) Camera sau: 2camera 12MP samsung note 9 mÃ n Ã¡m,lÆ°u áº£nh náº·ng ,Bao Ä‘á»•i táº­n nhÃ _MS001","â‚«916,782",https://www.lazada.vn/products/giam-gia-sieu-soc-dien-thoai-gia-sieu-re-may-chinh-hang-samsung-galaxy-note-9-ram-6g128g-camera-sau-2-camera-12-mpman-hinh-super-amoled-64inch-2k-camera-sau-2camera-12mp-samsung-note-9-man-amluu-anh-nang-bao-doi-tan-nha_ms001-i2493986550.html,4.9,74 Ratings,"['P***.', 'Jum Y.', 'Phuc C.', 'N***.', 'S***.']","[5, 5, 5, 5, 5]","['giao hÃ ng nhanh , sáº£n pháº©m Ä‘Ã³ng gÃ³i cáº©n tháº­n mÃ¡y má»›i Ä‘áº¹p quay phim chá»¥p hÃ¬nh rÃµ nÃ©t pin trÃ¢u lÆ°á»›t web chÆ¡i game cáº£ ngÃ y chÆ°a cáº§n sáº¡c giÃ¡ cáº£ pháº£i chÄƒng há»£p lÃ½ , Ä‘Ã¡nh giÃ¡ 5 sao', 'Ä‘Ã£ nháº­n Ä‘Æ°á»£c Ä‘iá»‡n thoáº¡i cá»§a shop giao mÃ¡y Ä‘áº¹p Æ°ng Ã½ quÃ¡ trá»i luÃ´n, pin khá»e , loa rÃµ rÃ ng Ã¢m thanh ráº¥t hay, cáº£m á»©ng mÆ°á»£t mÃ  , cáº¥u hÃ¬nh máº¡nh cÃ¢n Ä‘Æ°á»£c má»i game luÃ´n má»›i thÃ­ch. sÃ³ng lÃºc nÃ o cÅ©ng cÄƒng Ä‘Ã©t, Ä‘Ã³ng gÃ³i cáº©n tháº­n , giao hÃ ng nhanh chÃ³ng .. nÃ³i chung khÃ´ng cÃ³ Ä‘iá»ƒm trá»«. cáº£m Æ¡n shop ráº¥t nhiá»u', 'sáº£n pháº©m cháº¥t lÆ°á»£ng, máº«u mÃ£ Ä‘áº¹p dá»… cáº§m náº¯m Bá»™ nhá»› lá»›n thoáº£i sá»©c lÆ°u trá»¯ hÃ¬nh áº£nh pin trÃ¢u ram mÃ¡y lá»›n tráº£i nghiá»‡m game ko lo giáº­t lÃ£ng giÃ¡ cáº£ pháº£i chÄƒng há»£p tÃºi tiá»n ngÆ°á»i lao Ä‘á»™ng shop ráº¥t OK . Ä‘Ã¡nh giÃ¡ 5 sao', 'Cháº¥t lÆ°á»£ng:ok\nMua Ä‘Ãºng shop uy tÃ­n, nháº­n Ä‘Æ°á»£c con hÃ ng mÃ¬nh Ä‘áº·t dÃ¹ng ráº¥t tá»‘t. Giao hÃ ng cÅ©ng nhanh chÃ³ng vÃ  Ä‘Ã³ng gÃ³i hÃ ng cÅ©ng Ä‘áº¹p', 'máº«u mÃ£ Ä‘áº¹p, thiáº¿t káº¿ sang trá»ng lá»‹ch lÃ£m mÃ n hÃ¬nh cáº£m á»©ng to vÃ  mÆ°á»£t mÃ  cáº¥u hÃ¬nh cao chÆ¡i game khÃ´ng giáº­t lÃ£ng giÃ¡ cáº£ pháº£i chÄƒng há»£p tÃºi tiá»n Ä‘Ã¡nh giÃ¡ 5 sao cho sáº£n pháº©m']"
"Ä‘iá»‡n thoáº¡i giÃ¡ siÃªu ráº» Oppo A95 báº£n 5G 2sim ram 12G/512G mÃ¡y ChÃ­nh HÃ£ng, lÆ°á»›t Wed Tiktok Facebook Youtube cháº¥t, Báº£o hÃ nh 12 thÃ¡ng - NNT 01","â‚«1,077,925",https://www.lazada.vn/products/dien-thoai-gia-sieu-re-oppo-a95-ban-5g-2sim-ram-12g512g-may-chinh-hang-luot-wed-tiktok-facebook-youtube-chat-bao-hanh-12-thang-nnt-01-i2498099692.html,5.0,40 Ratings,"['Hoa P.', 'bui L.', 'LuÃ¢n V.', 'Long T.', 'Au L.']","[5, 5, 5, 5, 5]","['mÃ¡y cháº¡y Ä‘a nhiá»‡m tá»‘t chá»¥p áº£nh ban Ä‘Ãªm Ä‘áº¹p pin khÃ¡ tá»‘t cho ngÆ°á»i chÆ¡i game nhÆ° mÃ¬nh, tÆ°á»Ÿng mua hÃ ng cÅ© nhÆ°ng khi nháº­n hÃ ng thÃ¬ mÃ¡y má»›i Ä‘áº¹p leng keng nÃªn ráº¥t hÃ i lÃ²ng.', 'loa::nghe gá»i xem phim nghe to rÃµ.pin,sáº¡c Ä‘á»u dÃ¹ng tá»‘t,\ncáº¥u hÃ¬nh mÃ¡y:: chÆ¡i game tá»‘t,xá»­ lÃ½ nhanh,nháº¡y....\ngiÃ¡ cáº£ thÃ¬ ráº¥t má»m cho cÃ¡c báº¡n sinh viÃªn nhÃ©...\nvá» cháº¥t lÆ°á»£ng thÃ¬ :mÃ¡y hoáº¡t Ä‘á»™ng ráº¥t tá»‘t,quÃ¡ hÃ i lÃ²ng \nuy tÃ­n á»Ÿ Ä‘Ã¢u? :: uy tÃ­n á»Ÿ shop Ä‘Ã¢y chá»© Ä‘Ã¢u ná»¯a ğŸ’ğŸ’–ğŸ’•', 'sáº£n pháº©m xÃ i tá»‘t, mÃ n hÃ¬nh sÃ¡ng ,cáº¥u hÃ¬nh cao pin xem youtube Ä‘Æ°á»£c lÃ¢u chá»¥p áº£nh Ä‘áº¹p vÃ  cáº£m á»©ng báº¥m ráº¥t mÆ°á»£t Ä‘Ã³ lÃ  nhá»¯ng gÃ¬ tÃ´i xÃ i mÃ¡y cá»§a shop nÃªn ráº¥t Ä‘Ã¡ng tiá»n.', 'mÃ¬nh Ä‘Ã£ nháº­n Ä‘Æ°á»£c hÃ ng rá»“i nhÃ© shop ,mÃ¡y xÃ i tá»‘t láº¯m.pin trÃ¢u láº¯m,xem Youtube,nghe nháº¡c cáº£ buá»•i váº«n khÃ´ng háº¿t pin .cáº£m Æ¡n shop nhÃ©.táº·ng shop 5 sao', 'MÃ¡y thiáº¿t káº¿ Ä‘áº¹p , Sáº£n pháº©m má»›i , HÃ ng chuáº©n Rin \n \nSáº£n pháº©m ráº¥t OK, gÃ¡i cáº£ láº¡i vá»«a tÃºi tiá»n , \n  \n. ....\nÄÃ£ sá»­ dá»¥ng cáº£m tháº¥y ráº¥t hÃ i lÃ²ng vá» cháº¥t lÆ°á»£ng cá»§a sáº£n pháº©m , \n....\nMÃ¬nh cho má»™t feedback tá»‘t cho shop ....\n\n\n\nsáº½ á»§ng há»™ shop láº§n sau ná»¯a ....\n\n\n\n\nthank shop .......']"
Ä‘iá»‡n thoáº¡i ss A73 5G fullbox chuáº©n ram 8gb rom 256 gb,"â‚«1,690,000",https://www.lazada.vn/products/dien-thoai-ss-a73-5g-fullbox-chuan-ram-8gb-rom-256-gb-i2356311040.html,0,0 Ratings,[],[],[]
